SerialId,PollingStation,UC,CensusBlock,VotersSerial,MaleVoters,FemaleVoters,TotalVoters,MaleBooths,FemaleBooths,TotalBooths
1,MC BOYS MIDDLE SCHOOL DATA NAGAR BADAMI BAGH LAHORE,KACHI ABADI DATA NAGAR,70060101,1 TO 607 B-1,607,,607,2,,2
,,NISHTAR COLONY,70060102,1 TO 605 B-2,605,,605,,,
2,M.C. BOYS MIDDLE SCHOOL DATA NAGAR* BADAMI BAGH* LAHORE.,KACHI ABADI DATA NAGAR LAHORE,70060101,1 TO 490 B-1,,490,490,,2,2
,,NIDHTAR COLONY,70060102,1 TO 535,,535,535,,,
3,MC BOYS MIDDLE SCHOOL DATA NAGAR BADAMI BAGH LAHORE,DATA NAGAR ST NO 11-14,70060103,1 TO 507 B-1,507,,507,3,,3
,,MUHAMMADIA COLONY,70060104,1 TO 312 B-2,507,,507,,,
,,L.D.A DATA NAGAR,70060105,1 TO 337 B-3,337,,337,,,
4,MC BOYS MIDDLE SCHOOL DATA NAGAR BADAMI BAGH LAHORE,DATA NAGAR ST NO 11 *14,70060103,1 TO 487 B-1,,487,487,,3,3
,,MUHAMMADIA COLONY,70060104,1 TO 244 B-2,,244,244,,,
,,LDA DATA NAGAR,70060105,1TO 264 B-3,,264,264,,,
5, MC GIRLS P/S DATA NAGAR BADAMI BAGH LAHORE,DATA NAGAR ST NO 14-26,70060201,1 TO 653 B-1,735,,735,2,,2
,,CHAH MOTIA DATA NAGAR LAHORE,70060202,1TO 653 B-2,653,,653,,,
6,M.C.GIRLS P/S. DATA NAGAR BADAMI BAGH* LAHORE,DATE NAGAR ST NO 14.26,70060201,-,,,,,,0
,,SHAH MOTIA DATA NAGAR LAHORE,70060202,-,,2,2,,,
7,MUHAMMADIA GIRLS H/S COLLEGE NISHTAR COLONY,CHAH MOTIA,70060203,1 TO0422 B-1,422,,422,2,,2
,SHER SHAH ROAD BADAMI BAGH LAHORE,ALFAROOQ PARK SHER SHAH RD,70060204,1 TO 805,805,,805,,,
8,MUHAMMADIA GIRLS H/S COLLEGE NISHTAR COLONY,CHAH MOTIA,70060203,1 TO 279 B-1,,279,279,,2,2
,SHER SHAH ROAD BADAMI GAGH LAGORE (FEMALE),ALFAROOQ PARK SHER SHAH RD,70060204,1 TO 702 B-2,,702,702,,,
9,SPORTS COMPLEX HOSTEL IQBAL PARK BADAMI BAGH LAHORE (MALE ) IMPROVISED,DATA NAGAR PEEKU RD,70060301,1 TO 502 B-1,502,,502,3,,3
,,BADAMI BAGH ST NO 32,70060302,1 TO 483 B-2,483,,483,,,
,,BADAMI BAGH ST NO 32*35*36,70060303,1 TO 498 B-1,498,,498,,,
10,SPORTS COMPLEX HOSTEL IQBAL PARK BADAMI BAGH LAHORE (MALE) IMPROVISED,DATA NAGAR PEEKU RD,70060301,1 TO 429 B-1,429,,429,,3,3
,,BADAMI BAGH ST NO 32,70060302,1 TO 338 B-2,,338,338,,,
,,BADAMI BAGH ST NO 32*35*36,70060303,1 TO 360 B-1,,360,360,,,
11,SPORTS  COMPLEX HOSTEL IQBAL PARK BADAMI BAGH LAHORE ( MALE ) IMPROVISED,BICO RD GULSHAN COLONY,70060304,1 TO 120 B-2,120,,120,2,,2
,,SHAM NAGAR BADAMI NAGAR,70060305,1 TO 534 B-3,534,,534,,,
12,SPORTS COMPLEX HOSTEL IQBAL PARK BANAMI BAGH LAHORE (FEMALE ) IMPROVISED,BICO RD GULSHAN COLONY,70060304,1 TO 59 B-2,,59,59,,2,2
,,SHAM NAGAR BADAMI NAGAR,70060305,1 TO 407 B-3,,407,407,,,
13,MODERN GIRLS HS MEHBOOB ROAD HABIB GUNJROAD LAHORE  (MALE),HBIB GUJ ST NO 6 7 8,70060401,1 TO 604 B-1,604,,604,2,,2
,,HABIB GUNJ ST NO 15 TO 19,70060402,1 TO 667 B-2,677,,677,,,
14,MODERN GIRLS H/S* MEHBOOB ROAD* HABIB GUNJ ROAD* LAHORE.,HABIB GUJN ST NO 6*7*8,70060401,1TO 431 B-1,,431,431,,2,2
,,HABIB GUNJ ST NO 15TO19,70060402,1TO 479 B-2,,479,479,,,
15,MODERN GIRLS HS MEHBOOB ROAD HABIB GUNJ ROAD ,USMAN GUNJ ST 3 4 6 8,70060403,1 TO 559 B-1,559,,559,2,,2
,,USMAN GUNJ ST NO 7 9 10,70060404,1 TO 470 B-2,,470,470,,,
16,MODERN GIRLS H/S MEHBOOB ROAD HABIB GUNJ ROAD LAHORE,USMAN GUNJ ST 3 4 6 8,70060403,1 TO 429 B-1,,429,429,2,,2
,,USMAN JUNJ ST NO 7 9 10,70060404,1 TO 433 B-2,,433,433,,,
17,OFFICE ADMINISTRATOR GENERAL BUS STAND BADAMI BAGH LAHORE IMPROVISED,MANDAR DIYAN SING,70060501,1 TO 583 B-1,,583,583,2,,2
,,MANDAR MAI MANGLA BADAMI BAGH,70060502,1 TO 603 B-2,603,,603,,,
18,OFFICE ADMINISTRATOR GENERAL BUS STAND BABAMI BAGH LAHORE IMPROVISED,MANDAR DIYAN SING,70060501,1 TO 335 B-2,,335,335,,3,3
,,ISLAM PURA ABDUL QUEM ROAD.,70060503,1TO 338 B-1,,338,338,,,
,,MANDER MAI MANGLA BADAMI BAGH,70060502,1TO 504 B-2,,504,504,,,
19,OFFICE ADMINISTRATOR BENERAL BUS STAND BADAMI BAGH LAHORE IMPROVISED,ISLAM PURA ABDUL QUEM ROAD,70060503,1 TO 404 B-1,404,,404,3,,3
,,RAILWAY COLONY ST NO 5 SHARANWALA,70060504,1 TO 351 B-1,351,,351,,,
,,FAROOQ GUNJ ST NO 7-13,0060505,1 TO 417 B-2,417,,417,,,
20,RAIL PUBLIC SCHOOL BROON SHARANWALA GAT LAHORE,RAILWAY COLONY ST NO 5 SHARANWALA,70060504,1 TO 268 B-1,,268,268,,2,2
,,FAROOQ GUNJ ST NO 7-13,70060505,1 TO 342 B-2,,342,342,,,
21,SPORTS COMPLEX HOSTEL IQBAL PARK BADAMI BAGH LAHORE IMPROVISED,MOLANA AHMAD ALI RD,70060601,1 TO 470 B-1,470,,470,3,,3
,,LDA IQBAL PARK,70060602,1 TO 420 B-2,420,,420,,,
,,KACHI ABADI IQBAL PARK,70060603,1 TO 454 B-3,454,,454,,,
22,SPORTS COMPLEX HOSTEL IQBAL PARK BADAMI BAGH ,MOLANA AHMAD ALI RD,70060601,1 TO 414 B-1,,414,414,,3,3
,,LDA IQBAL PARK,70060602,1 TO 382 B-2,,382,382,,,
,,KACHI ABADI IQBAL PARK,70060602,1 TO 414 B-3,,342,342,,,
23,SPORTS COMPLEX HOSTEL IQBAL PARK BADAMI BAGH LAHORE IMPROVISED,KACHI ABADI RAILWAY STATION,70060604,1 TO 267 B-1,267,,267,3,,3
,,LINK ROAD IQBAL PARK,70060605,1 TO 488 B-2,488,,488,,,
,,MOHALLAH MOLANA AHMAD ALI ROAD,70060606,1 TO 122 B-3,122,,122,,,
24,SPORTS COMPLEX HOSTEL IQBAL PARK MADAMI BAGH LAHORE IMPROVISED,KACHI ABADI RAILWAY STATION,70060604,1 TO 245 B-1,,245,245,,3,3
,,LIND ROAD IQBAL PARK,70060605,1 TO 330 B-2,,330,330,,,
,,MOHALLAH MOLANA AHMAD ALL ROAD,70060606,1 TO 85 B-3,,85,85,,,
25,GOVERMAMNT KHURSHID UL ISLAM PRIMARY SCHOOL FAROOQ JUNJ LAHORE MAIN,FAROOQ GUNJ ST NO 20-22,70130101,1 TO 331 B-1,311,,311,3,,3
,MEHBOOB ROAD MISRI SHAH LAHORE (MALE),KOHE NOOR ROAD,70130102,1 TO 479,479,,479,,,
,,IQBAL PARK ST NO 2 3,70130103,1 TO 597 B-3,597,,597,,,
26,GOVERMAMNT KHURSHID UL ISLAM PRIMARY SCHOOL FAROOQ JUNJ LAHORE MAIN,FAROOQ GUNJ ST NO 20-22,70130101,1 TO 256 B-1,,256,256,,3,3
,MEHBOOB ROAD MISRI SHAH LAHORE (FEMALE),KOHE NOOR ROAD,70130102,1 TO 431 B-2,,431,431,,,
,,IQBAL PARK ST NO 2 -3,70130103,1 TO 472 B-3,,472,472,,,
27,MADRASA TUL BINAR GIRLS H/S MASRI SHAH LAHORE (FEMALE),MANZOOR ABAD SHARIF PARK,70130104,1 TO 573 B-1,573,,573,2,,2
,,SHARIF ABAD,70130105,1 TO 511 B-2,511,,511,,,
28,MADRASA TUL BINAR GIRLS H/S MASRI SHAH LAHORE (FEMALE),MANZOOR ABAD SHARIF PARK,70130104,1 TO 431 B-1,,431,431,,2,2
,,SHARIF ABAD,70130105,1 TO 405 B-2,,405,405,,,
29,JINNAH FOUDATION KARAM NAGAR MISRI SHAH LAHORE,BADAR COLONY,70130106,1 TO 398 B-1,398,,398,2,,2
,,IQBAL PARK MOHALLAH ABCD,70130107,1 TO 406 B-2,406,,406,,,
30,IQRA ROZA UL AZHAR COMPUTERIZED TRUST MEHBOOB ROAD MISRI SHAH,BADAR COLONY,70130106,1 TO 329 B-1,,329,329,,2,2
,LAHORE (FEMALE),IQBAL PARK MOHALLAH ABCD,70130107,1 TO 291 B-2,,291,291,,,
31,MADARSA UL BINAT GIRLS H/S MASRI SHAH LAHORE (MALE),AZIA ROAD MISRI SHAH,70130201,1 TO 449 B-1,449,,449,2,,2
,,AZIZ ROAD ST NO 7 12,70130202,1 TO 735 B-2,735,,735,,,
32,MADARSA TUL BINAT GIRLS HS MASRI SHAH LAHORE,AZIA ROAD MISRI SHAH,70130201,1 TO 347 B-1,,347,347,,2,2
,,AZIZ ROAD ST NO 7 12,70130202,1 TO 594 B-2,,594,594,,,
33,MADARSA TUL MINAT GIRLS H/S MASRI SHAH LAHORE,RAHIM ROAD SHAHMSH ABAD,70130203,1 TO 692 B-21,692,,692,3,,3
,,AZIZ PARK MOHALLAH ABCD,70130204,1 TO 603 B-2,603,,603,,,
,,RAHIM ROAD NASEEM BAGH,70130205,1 TO 209 B-3,209,,209,,,
34,MADARSA TUL BINAT GIRLS H/S MASRI SHAH LAHORE (FEMALE),RAHIM ROAD SHAMSH ABAD,70130203,1 TO 621 B-1,,621,621,,3,3
,,AZIZ PARK MOHALLAH ABCD,70130204,1 TO 514 B-2,,514,514,,,
,,RAHIM ROAD NASEEM BAGH,70130205,1 TO 180 B-3,,180,180,,,
35,LDA WASA OFFICE AZIZ ROAD CHOWK NAKHUDA (MALE),AAHATA LASLAM,70130301,1 TO 407 B-1,407,,407,2,,2
,,NEW ELAHI PARK,70130302,1 TO 405B-2,405,,405,,,
36,LDA WASA OFFICE AZIZ ROAD CHOWK NAKHUDA WASAN PURA LAHORE,AAHATA IASLAM,70130301,1 TO 311 B-1,,311,311,,2,2
,,NEW ELAHI PARK,70130302,1 TO 331 B-2,,331,331,,,
37,LDA WASA OFFICE AZIZ ROAD CHOWK NAKHUDA WASAN,AZIZ ROAD,70130303,1 TO 442 B-1,442,,442,2,,2
,PURA LAHORE,NAWAB COLONY,70130304,1 TO 509 B-2,509,,509,,,
38,LDA WASA OFFICE AZIZ ROAD CHOWK NAKHUDA WASAN,AZIZ ROAD,70130303,1 TO 447 B-1,,447,447,,2,2
,PURA LAHORE (FEMALE),NAWAB COLONY,70130304,1 TO 406 B-2,,406,406,,,
39,CM MIDDLE SCHOOL CHAMRA MANDI LAHORE(MALE),EHSAN ROAD,70130401,1 TO 494 B-1,494,,494,3,,3
,,NOLAKHA PARK,70130402,1 TO 248 B-2,248,,248,,,
,,RAILWAY QUARTER,70130403,1 TO 229 B-3,229,,229,,,
40,CM MIDDLE SCHOOL CHAMRA MANDI LAHORE(FEMALE),EHSAN ROAD,70130401,1 TO 373 B-1,,373,373,,3,3
,,NALAKHA PARK,0130402,1 TO 177 B-2,,177,177,,,
,,RAILWAY QUARTER,70130403,1 TO 180 B-3,,180,180,,,
41,CM MIDDLE SCHOOL CHAMRA MANDI LAHORE(MALE),NOLAKHA PARK,70130404,1 TO 768 B-1,768,,768,1,,1
42,CM MIDDLE SCHOOL CHAMRA MANDI LAHORE(FEMALE),NOLAKHA PARK,70130404,1 TO 431 B-1,,431,431,,1,1
43,GIVT ISLAMIA H/S MASRI SHAH LAHORE (MALE),MISRI SHAH,70130501,1 TO 515 B-1,515,,515,2,,2
,,NAWAB COLONY,70130502,1 TO 339 B-2,339,,339,,,
44,GOVT ISLAMIA H/S MASRI SHAH LAHORE (FEMALE),MISRI SHAH,70130501,1 TO 463 B-1,,463,463,,2,2
,,NAWAB COLONY,70130502,1 TO 250 B-2,,250,250,,,
45,GOVT. ISLAMIA H/S MASRI SHAH. LAHORE.,FAIZ BAGH,70130503,-,,,,,,0
,,FAIZ BAGH JANOOBI,70130504,-,243,,243,,,
46,GOVT ISLAMIA H/S MASRI SHAH LAHORE (FEMALE),FAIZ BAGH,70130503,1 TO 362 B-1,,343,343,,2,2
,,FAIZ BAGH JANOOBI,70130504,1 TO 212 B-2,,212,212,,,
47,MC H/S FOR BOYS KACHOO PURA FAIZ BAGH LAHORE (MALE),MULTANI AAHATA,70130601,1 TO 362 B*1,362,,362,2,,2
,,AAHATA PERVEEN,70130602,1 TO 360 B-2,360,,360,,,
48,MC H/S FOR BOYS KACHOO PURA FAIZ BAGH LAHORE (FEMALE),MULTANI AAHATA,70130601,1 TO 278 B-1,,278,278,,2,2
,,AAATA PERVEEN,70130602,1 TO 282 B-2,,282,282,,,
49,ISLAMIA H/S NO NEAR MCB AZIZ ROAD LAHORE (MALE),FAIZ BAGH,7130603,1 TO 512 B-1,512,,512,2,,2
,,FAIZ JUNJ,70130604,1 TO 784 B-2,784,,784,,,
50,ISLAMIA H/S NO NEAR MCB AZIZ ROAD LAHORE (FEMALE),FAIZ BAGH,70130603,1 TO 479 B-1,,479,479,,2,2
,,FAIZ JUNJ,70130604,1 TO 553 B-2,,553,553,,,
51,THE FARHAN IDEAL SCHOOL OPPLAI MLMASJID AZIZ ROAD WASAN PURA LAHORE (MALE),MEHBOOB PARK,70140101,TO 684 B-1,684,,684,2,,2
,,WASAN PURA AZIZ ROAD,70140102,1 TO 581 B-2,581,,581,,,
52,THE FARHAN IDEAL SCHOOL OPPLAI MLMASJID AZIZ ROAD WASAN PURA LAHORE,MEHBOOB PARK,70140101,1 TO 527 B-1,,527,527,,2,2
,(FEMALE),MEHBOOB PARK,70140102,1 TO 591 B-2,,591,591,,,
53,MC GIRLS MIDDLE SCHOOL MASRI SHAH LLAHI BUKHSH,ELAHI PARK,70140103,1 TO 533 B-1,533,,533,2,,2
,PARK NEAR MASJID SUFE ,MEHR PARK,70140104,1 TO 537 B-2,537,,537,,,
54,MC GIRLS MIDDLE SCHOOL MASRI SHAH LLAHI BUKHSH,ELAHI PARK,70140103,1 TO 497 B-1,,497,497,,2,2
,PARK NEAR MASJID SUFE ,MEHR PARK,70140104,1 TO 447 B-2,,447,447,,,
55,MC GIRLS MIDDLE SCHOOL MASRI SHAH LLAHI BUKHSH PARK NEAR MASJID SUFE,SADDIQUE GUNJ,70140105,1 TO 551 B-1,551,,551,2,,2
,ALLAH DITA LAHORE(MALE),ST NO 4 5 12 WASAN PURA,70140106,1 TO 672 B-2,,672,672,,,
56,MC GIRLS MIDDLE SCHOOL MASRI SHAH LLAHI BUKHSH PARK NEAR MASJID SUFE,SADDIQUE GUNJ,70140105,1 TO 465 B-1,465,,465,,2,2
,ALLAH DITA LAHORE(FEMALE),ST NO 4 5 12 WASAN PURA,70140106,1 TO 554 B-2,554,,554,,,
57,GOVT MIDDLE STANDARD HIGH SCHOOL CHOWK NAKHUDA,WASAN PURA,70140201,1 TO 619 B-1,619,,619,2,,2
,LAHORE (MALE ),WASAN PURA SHARIQI,70140202,1 TO 719 B-2,719,,719,,,
58,GOVT MIDDLE STANDARD HIGH SCHOOL CHOWK NAKHUDA,WASAN PURA,70140201,1 TO 500 B-1,,500,500,,2,2
,LAHORE (MALE ),WASAN PURA SHARQI,70140202,1 TO 600 B-2,,600,600,,,
59,GOVT MIDDLE STANDARD HIGH SCHOOL CHOWK NAKHUDA,KASHMIRI MOH,70140203,1 TO 604 B-1,604,,604,2,,2
,LAHORE (MALE ),KASHMIRI MOH WASAN PURA,70140204,1 TO 641 B-2,641,,641,,,
60,GOVT MIDDLE STANDARD HIGH SCHOOL CHOWK NAKHUDA,KASHMIRI MOH,70140203,1 TO 514 B-1,,514,514,,2,2
,LAHORE (FEMALE),KASHMIRI MOH WASAN PURA,70140204,1 TO 562 B-2,,562,562,,,
61,INNOCENT PUBLIC SCHOOL 25 A WASAN PURA NEAR MASJID BERRI PIR LAHORE (MALE),WASAN PURA MARKZI,70140205,1 TO 559 B-1,559,,559,2,,2
,,RAJPUT ROAD,70140206,1 TO 396 B-2,396,,396,,,
62,INNOCENT PUBLIC SCHOOL 25 A WASAN PURA NEAR MASJID BERRI PIR LAHORE (FEMALE),WASAN PURA MARKZI,70140205,1 TO 506 B-1,,506,506,,2,2
,,RAJPUT ROAD,70140206,1 TO 328 B-2,,328,328,,,
63,GOVT GIRLS COLLEGE GOL BAGH SHAD BAGH LAHORE,MUGHAL COLONY GANDA NALA,70140301,1 TO 30 B-1,30,,30,4,,4
,,NOOR ROAD,70140302,1 TO 233 B-2,233,,233,,,
,,CHIRGH PARK,70140303,1 TO 487 B-3,487,,487,,,
,,BLOCK XZ,70140304,1 TO 922 B-4,922,,922,,,
64,GOVT. GIRLS COLLEGE* GOL BAGH SHAD BAGH. LAHORE.,MUGHAL COLONY,70140301,1 TO 30 B-1,30,,30,,4,4
,,NOOR ROAD,70140302,1 TO 173 B-2,,173,173,,,
,,CHIRGH PARK,70140303,1 TO 431 B-3,,431,431,,,
,,BLOCK XZ,70140304,1 TO 749 B-4,,749,749,,,
65,GOVT GIRLS COLLEGE GOL BAGH SHAD BAGH LAHORE,BLOCK BCD,70140305,1 TO 535 B-1,535,,535,2,,2
,,BLOCK BCD,70140305,536 TO 1025 B-1,490,,490,,,
66,GOVT GIRLS COLLEGE GOL BAGH SHAD BAGH LAHORE,BLOCK BCD,70140305,1 TO 535 B-1,,535,535,,2,2
,,BLOCK BCD,70140305,536 TO 1052 B-1,,516,516,,,
67,GOVT PARK STANDARD GIRLS SCHOOL B BLOCK SHAD BAGH,JAVE PARK,70140306,1 TO 913 B-1,913,,913,2,,2
,LAHORE(MALE),NABI BUKHSH PARK,70140307,1 TO 757 B-2,757,,757,,,
68,GOVT PARK STANDARD GIRLS SCHOOL B BLOCK SHAD BAGH,JAVE PARK,70140306,1 TO 866 B-1,,866,866,,2,2
,LAHORE(FEMALE),NABI BUKHSH PARK,70140307,1 TO 637 B-2,,637,637,,,
69,MC JUNIOR MODEL GIRLS H/S B BLOCK SHAD BAGH LAHORE,SARTAJ PARK,70140401,10 TO 698 B-1,698,,698,2,,2
,,HAIDER PARK,70140402,1 TO 497 B-1,497,,497,,,
70,MC JUNIOR MODEL GIRLS H/S B BLOCK SHAD BAGH LAHORE,SARTAJ PARK,70140401,V TO 560 B-1,,560,560,,2,2
,,HAIDER PARK,70140402,10 TO 454 B-2,,454,454,,,
71,IMC JUNIOR MODEL GIRLS H/S B BLOCK SHAD BAGH LAHORE,HAMZA PARK,70140403,1 TO 526 B-1,526,,526,2,,2
,(MALE ),NAZIM HOUSE GALI,70140304,1 TO 586 B-2,586,,586,,,
72,IMC JUNIOR MODEL GIRLS H/S B BLOCK SHAD BAGH LAHORE,HAMZA PARK,70140403,1 TO 408 B-1,,408,408,,2,2
,(FEMALE),HAZIM HOUSE GALI,70140403,1 TO 535 B-2,,535,535,,,
73,IMC JUNIOR MODEL GIRLS H/S B BLOCK SHAD BAGH LAHORE ,MAIN BAZAR TAJPURA,70140405,1 TO 531 B-1,531,,531,1,,1
74,IMC JUNIOR MODEL GIRLS H/S B BLOCK SHAD BAGH LAHORE ,MIAN BAZAR TAJPURA,70140405,1 TO 446 B-1,,446,446,,1,1
75,INNOCENT PUBLIC SCHOOL 25 A WASAN PURA NEAR MASJID BERRI PIR LAHORE (MALE),MUHAMMADI MOHALLA,70140501,1 TO 223 B-1,223,,223,1,,1
,,MUHAMMADI MOH STREET NO 59,70140502,1 TO 425 B-2,425,,425,,,
,,MUHAMMADI WASAN PURA,70140503,1 TO 162 B-3,162,,162,,,
,,STREET NO 27 MUHAMMADI MOH,70140504,1 TO 156 B-4,156,,156,,,
76,INNOCENT PUBLIC SCHOOL 25 A WASAN PURA NEAR MASJID BERRI PIR LAHORE (FEMALE),MUHAMMADI MOHALLA,70140501,1 TO 204 B-1,,204,204,,4,4
,,MUHAMMADI MOH STREET NO 59,70140502,1 TO 346 B-2,,346,346,,,
,,MUHAMMADI WASAN PURA,70140503,1 TO 125 B-3,,125,125,,,
,,STREET NO 27 MUHAMMADI MOH,70140504,1 TO 133-4,,133,133,,,
77,MC JUNIOR MODEL SCHOOL FOR GIRLS SULTAN PURA LAHORE (MALE),THANA MISRI SHAH,70150101,1 TO 682 B-1,682,,682,2,,2
,,AHATTA BIBI,70150102,1 TO 541 B-2,541,,541,,,
78,M.C JUNIOR MODEL SCHOOL FOR GIRLS SULTAN PURA* LAHORE. (FEMALE),THANA MISRI SHAH,70150101,1 TO 520B-1,,520,520,,2,2
,,AHATTA BIBI,70150102,1 TO 450 B-2,,450,450,,,
79,MC JUNIOR MODEL SCHOOL FOR GIRLS SULTAN PURA LAHORE,CHAH MOHALLAH,70150103,1 TO 694 B--1,694,,694,2,,2
,,HAIDERI MOHALLAH,70150104,1 TO 756 B-2,756,,756,,,
80,MC JUNIOR MODEL SCHOOL FOR GIRLS SULTAN PURA LAHORE (FEMALE),CHAH MOHALLAH,70150103,1 TO 439 B-1,,439,439,,2,2
,,HAIDERI MOHALLAH,70150104,1 TO 607 B-2,,607,607,,,
81,GOVT PAK MODEL H/S BOYS ST NO 16 JINNAH PARK SULTAN PURA (MALE),TIBBA AZIM SHAH,70150105,1 TO 491 B-1,491,,491,2,,2
,,SALEEM PARK,70150106,1 TO 334 B-2,334,,334,,,
82,GOVT PAK MODEL H/S BOYS ST NO 16 JINNAH PARK SULTAN PURA (FEMALE),TIBBA AZIM SHAH,70150105,1 TO 471 B-1,,474,474,,2,2
,,SALEEM PARK,70150106,1 TO 224 B-2,,224,224,,,
83,GOVT PAK MODEL H/S BOYS ST NO 16 JINNAH PARK SULTAN PURA (MALE),AAHATA DEPUTY GHULAM HUSSAIN,70150201,1 TO 403 B-1,403,,403,3,,3
,,KOOCHA MUHAMMADI,70150202,1 TO 461 B-2,461,,461,,,
,,SAH MUHAMMAD BUILDING,70150203,1 TO 417 B-3,417,,417,,,
84,GOVT PAK MODEL H/S BOYS ST NO 16 JINNAH PARK SULTAN PURA (FEMALI),AAHATA DEPUTY GHULAM HUSSAIN,70150201,1 TO 303 B-1,,303,303,,3,3
,,KOOCHA MUHAMMADI,70150202,1 TO 370 B-2,,370,370,,,
,,SHAH MUHAMMAD UILDING,70150203,1 TO 338 B-3,,338,338,,,
85,MC JUNIOR MODEL GIRLS SCHOOL KOCHA MUHAMMADI,NAGAR MANZIL,70150204,1 TO 336 B-1,336,,336,2,,2
,SULTAN PURA LAHORE (MALE),SHAHEEN PARK,7050205,1 TO 414 B-2,414,,414,,,
86,MC JUNIOR MODEL GIRLS SCHOOL KOCHA MUHAMMADI,NAGAR MUNZIL,70150204,1 TO 254 B-1,,254,254,,2,2
,SULTAN PURA LAHORE ,SHAHEEN PARK,70150205,1 TO 355 B-2,,355,355,,,
87,IVARS H/S TAZAB AHATA ,SULTAN PURA,70150206,1 TO 630B-1,630,,630,2,,2
,,SHAHEEN PARK SHAMALI,70150207,1 TO 692 B-2,,692,692,,,
88,IVARS H/S TAZAB AHATA LAHORE (FEMALE),SULTAN PURA,70150206,1 TO 516 B-1,,516,516,,2,2
,,SHAHEEN PARK SHAMALI,70150207,1 TO 599 B-2,,599,599,,,
89,KHAIR UN NISA GOVT H/S ZAFAR KHAN ROAD WASANPURA LAHORE,AAHATA TANEYDAR SHARQI,70150301,1 TO 439 B-1,439,,439,3,,3
,,ZAFARR ULLAH KHAN RD,70150302,1 TO 276 B-2,276,,276,,,
,,MUSLIM GUNJ,70150303,1 TO 463 B-3,463,,463,,,
90,KHAIR UN NISA GOVT H/S ZAFAR KHAN ROAD WASANPURA LAHORE (FEMALE),AAHATA TANEYDAR SHARQI,70150301,1 TO 377 B-1,,377,377,,3,3
,,ZAFAR ULLAH KHAN RD,70150302,1 TO 303 B-2,,303,303,,,
,,MUSLIM GUNJ,7050303,1 TO 357 B-3,,357,357,,,
91,KHAIR UN NISA GOVT H/S ZAFAR KHAN ROAD WASANPURA NO 2 LAHORE ,MOHALLAH KOTHI KUMHARN,70150304,1 TO 993 B-1,993,,993,1,,1
92,KHAIR UN NISA GOVT H/S ZAFAR KHAN ROAD WASANPURA NO 2 LAHORE ,MOHALLAH KOTHI KUMHARN,70150304,1 TO 872 B-1,,872,872,,1,1
93,KHAIR UN NISA GOVT H/S ZAFAR KHAN ROAD,PUNJ PIR ROAD,70150305,1 TO 437 B-1,437,,437,2,,2
,WASANPURA NO 2 LAHORE ,AAHTA THANEYDAR,70150306,1 TO 560 B-2,560,,560,,,
94,KHAIR UN NISA GOVT H/S ZAFAR KHAN ROAD,PUNJ PIR ROAD,70150305,1 TO 368 B-1,,368,368,,2,2
,WASANPURA NO 2 LAHORE ,AAHTA THANEYDAR,70150306,1 TO 539 B-2,,539,539,,,
95,ZACHA BACHA CETER CHAMMRA MANDI LAHORE (MALE),KACHU PURA AKRAM PARK,70150401,1 TO 422 B-1,422,,422,2,,2
,,PAK NAGR KACHU PURA,70150402,1 TO 464 B-2,464,,464,,,
96,ZACH BACHA CETER CHAMMRAMUNDI LAHORE (FEMALE),KACHU PURA AKRAM PARK,70150401,1 TO 374 B-1,,374,374,,2,2
,,PAK NAGR KACHU PURA,70150402,1 TO 358 B-2,,358,358,,,
97,THE NATIONAL PAKISTAN SCHOOL MISRI SHAH LAHORE,PUNJ PIR ROAD,70150403,1 TO 277B-1,277,,277,3,,3
,(MALE),AKRAM ROAD,70150404,1 TO 277 B-2,277,,277,,,
,,PAKNAGAR SULTAN PURA,70150405,1 TO 544 B-3,544,,544,,,
98,THE NATIONAL PAKISTAN SCHOOL MISRI SHAH LAHORE,PUNJ PIR ROAD,70150403,1 TO 255 B-1,,255,255,,3,3
,(FEMALE),AKRAM ROAD,70150404,1 TO 223 B-2,,223,223,,,
,,PAKNAGAR SULTAN PURA,70150405,1 TO 429 B-3,,429,429,,,
99,LMC DASTKARI AND COMPUTER SCHOOL CHAMMRA,PAK NAGAR,70150501,1 TO 401 B-1,401,,401,2,,2
,MANDI LAHORE (MALE),PAK NAGAR ST NO 10-13-14,70150502,1 TO 384 B-2,384,,384,,,
100,LMC DASTKARI AND COMPUTER SCHOOL CHAMMRA,PAK NAGAR,70150501,1 TO 291 B-1,,291,291,,2,2
,MANDI LAHORE (FEMALE),PAK NAGAR ST NO 10-13-14,70150502,1 TO 322 B-2,,322,322,,,
101,MC MODEL SCHOOL FOR GIRLS PUNJ PIR ROAD LAHORE,AKRAM ROAD,70150503,1 TO 485 B-1,485,,485,3,,3
,(MALE),NAND LAL,70150504,1 TO 702 B-2,702,,702,,,
,,NEW LAL BOHAR WALI MASJID,70150505,1 TO 487 B-3,487,,487,,,
102,MC MODEL SCHOOL FOR GIRLS PUNJ PIR ROAD LAHORE,AKRAM ROAD,70150503,1 TO 399 B-1,,399,399,,3,3
,(FEMALE),NAND LAL,70150504,1 TO 517 B-3,,517,517,,,
,,NEW LAL BOHAR WALI MASJID,70150505,1 TO 397 B-3,,397,397,,,
103,MUSLIM FOUMNDATION H/S ST NO 8 CHAH MIRAN ROAD,JINNAH PARK,70150601,1 TO 513 B-1,513,,513,3,,3
,LAHORE (MALE),BARA DARI,70150602,1 TO 467 B-2,467,,467,,,
,,AAHTA CHIRGH DIN GT ROAD,70150603,1 TO 528 B-3,528,,528,,,
104,MUSLEM FOUNMEDATION H/S ST NO 8 CHAH MIRAN ROAD,JINNAH PARK,70150601,1 TO 345 B-1,,345,345,,2,2
,LAHORE (FEMALE),BARA DARI,70150602,1 TO 361 B-2,,361,361,,,
,,AAHTA CHIRGH DIN GT ROAD,70150603,1 TO 399 B-3,,399,399,,,
105,MUSLIM FOUMNDATION H/S ST NO 8 CHAH MIRAN ROAD ,JALARA SAIEN JAWAN,70150604,1 TO 796 B-1,796,,796,1,,1
106,MUSLEM FOUNMEDATION H/S ST NO 8 CHAH MIRAN ROAD ,JALARA SAIEN JAWAN,70150604,1 TO 652 B-1,,652,652,,1,1
107,MC JUNIOR MODEL SCOOL SULTAN PURA KOCHA,SWAMI NAGAR,70150701,1 TO 661 B-1,661,,661,2,,2
,MUHAMMADI ST NO 2 LAHORE ,WAIRLES COLONY,70150702,1 TO 566 B-2,566,,566,,,
108,MC JUNIOR MODEL SCOOL SULTAN PURA KOCHA,SWAMI AGAR,70150701,1 TO 522 B-1,,522,522,,2,2
,MUHAMMADI ST NO 2 LAHORE ,WAIRLES COLONY,70150702,1 TO 428 B-2,,428,428,,,
109,MC JUNIOR FOR BOYS MODEL SCHOOL KOCHA MUHAMMADI ST NO 2 SULTAN PURA LAHORE,SWAMI NAGAR GHARBI,70150703,1 TO 455 B-1,455,,455,2,,2
,(MALE),ABDUL QADAR RD SWAMI NAGAR,70150704,1 TO 488 B-2,488,,488,,,
110,MC JUNIOR FOR BOYS MODEL SCHOOL KOCHA MUHAMMADI ST NO 2 SULTAN PURA LAHORE,SWAMI NAGAR GHARBI,70150703,1 TO 376 B-1,,376,376,,2,2
,(FAMALE),ABDUL QADAR RD SWAMI NAGAR,70150704,1 TO 432 B-2,,432,432,,,
111,MC GIRLS H/S JINNAH PARK DADI PIR SULTAN PURA LAHORE (MALE),AATHA MALIK BAHOO,70150801,1 TO 240 B-1,240,,240,2,,2
,,AATH MALI BAHOO GHARBI,70150802,1 TO 455 B-2,455,,455,,,
112,MC GIRLS H/S JINNAH PARK DAUDI PIR SULTAN PURA LAHORE (FEMALE),AATHA MALIK BAHOO,70150801,1 TO 227 B-1,,227,227,,2,2
,,AATHA MALI BAHOO GHARBI,70150802,1 TO 389 B-2,,389,389,,,
113,MC GIRLS H/S JINNAH PARK DAUDI PIR SULTAN PURA,JINNAH PARK,70150803,1 TO 440 B-1,440,,440,2,,2
,LAHORE (MALE),AMAAN COLONY,70150804,1 TO 320B-2,320,,320,,,
114,MC GIRLS H/S JINNAH PARK DAUDI PIR SULTAN PURA,JINNAH PARK,70150803,1 TO 385 B-1,,385,385,,2,2
,LAHORE (FEMALE),AMAAN COLONY,70150804,1 TO 247 B-2,,247,247,,,
115,MC GIRLS H/S JINNAH PARK DAUDI PIR SULTAN PURA LAHORE (FEMALE),RAILWAY WARIS COLONY,70150901,1 TO 731 B-1,731,,731,2,,2
,,SHUJA COLONY,70150902,1 TO 403 B-2,403,,403,,,
116,MC GIRLS H/S JINNAH PARK DAUDI PIR SULTAN PURA ,RAILWAY WARIS ,70150901,1 TO 577 B-1,,577,577,,2,2
,,SHUJA COLONY,70150902,1 TO 366 B-2,,366,366,,,
117,MC GIRLS H/S JINNAH PARK DAUDI PIR SULTAN PURA,KACHI ABADI,70150903,1 TO 457 B-1,457,,457,2,,2
,LAHORE (MALE),SUJAH COLONY JANUBI,70150904,1 TO 583 B--2,583,,583,,,
118,MC GIRLS H/S JINNAH PARK DAUDI PIR SULTAN PURA,KACHI ABDI,70150903,1 TO 298 B-1,,298,298,,2,2
,LAHORE (FEMALE),SUJAH COLONY JANUBI,70150904,1 TO 399 B-2,,399,399,,,
119,GULZAR PUBLIC HIGH SCHOOL ABDULLAH PARK CHAHMIRAN LAHORE (MALE),MOHALLAH JANI SHAH,70180101,1 TO 606B-1,606,,606,2,,2
,,HAZOORI SHAH CHAH MIRAN,70180102,1 TO 437 B-2,,437,437,,,
120,GULZAR PUBLIC HIGH SCHOOL ABDULLAH PARK CHAH MIRAN LAHORE (FEMALE),MOHALLAH JANI SHAH,70180101,1 TO 458 B-1,,458,458,,2,2
,,HAZOORI SHAH CHAH MIRAN,70180102,1 TO 379 B-2,,379,379,,,
121,ZACHA BACHA CHILD AND MOTHER CENTER HAZOORI SHAH KHOI MIRAN LAHORE (MALE),KARIMA MASJID CHAH MIRAN,70180103,1 TO 327 B-1,327,,327,2,,2
,,ST NO 52 53 CHAH MIRAN,70180104,1 TO 602 B-2,602,,602,,,
122,ZACHA BACHA CHILD AND MOTHER CENTER HAZOORI SHAH KHOI MIRAN LAHORE (FEMALE),KARIMA MASJID CHAH MIRAN,70180103,1 TO 310 B-1,,310,310,,2,2
,,ST NO 52 53 CHAH MIRAN,70180104,1 TO 569 B-2,,569,569,,,
123,ZACHA BACHA CHILD AND MOTHER CENTER HAZOORI,ABU BAKAR ST,70180105,1 TO 555 B-1,555,,555,3,,3
,SHAH KHOI MIRAN LAHORE ,ABDULAH PARK,70180106,1 TO 754 B-2,754,,754,,,
124,ZACHA BACHA CHILD AND MOTHER CENTER HAZOORI,ABU BAKAR,70180105,1 TO 476 B-1,,476,476,,2,2
,SHAH KHOI MIRAN LAHORE ,ABDULAH PARK,70180106,1 TO 600 B-2,,600,600,,,
125,AL ZAMAR PUBLIC SCHOOL SHAMSHAD PARK MAKHAN PURA LAHORE (MALE),MAIN MAKHAN PURA,70180201,1 TO 493 B-1,,493,493,2,,2
,,NEW WASANPURA,70180202,1 TO 537 B-2,537,,537,,,
126,AL ZAMAR PUBLIC SCHOOL SHAMSHAD PARK MAKHAN PURA LAHORE (FEMALE),MAIN MAKHAN PURA,70180201,1 TO 393 B-1,,393,393,,2,2
,,NEW WASANPURA,70180202,1 TO 512 B-2,,512,512,,,
127,AL ZAMAR PUBLIC SCHOOL SHAMSHAD PARK MAKHAN PURA LAHORE (MALE),NEW WASANPURA,70180203,1 TO 538 B-1,538,,538,2,,2
,,MUSLIM ST,70180204,1 TO 399 B-2,,399,399,,,
128,AL ZAMAR PUBLIC SCHOOL SHAMSHAD PARK MAKHAN PURA LAHORE (FEMALE),NEW WASANPURA,70180203,1 TO 426 B-1,,426,426,,2,2
,,MUSLIM ST,70180204,1 TO 399 B-2,,399,399,,,
129,FINE PUBLIC SCHOOL AYUB ROAD MAKHAN PURA LAHORE,JAFRIA ST,70180205,1 TO 753 B-1,753,,753,2,,2
,(MALE),SHAMASHAD PARK,70180206,1 TO 452 B-2,,452,452,,,
130,FINE PUBLIC SCHOOL AYUB ROAD MAKHAN PURA LAHORE,JAFRIA ST,70180205,1 TO 694 B-1,,694,694,,2,2
,(FEMALE),SHAMASHAD PARK,70180206,1 TO407 B-2,,407,407,,,
131,MADINA HIGH SCHOOL ST NO 16 GHAZALI ROAD MAKHAN ,RASOOL ST,70180207,1 TO 834 B-1,834,,834,2,,2
132,MADINA HIGH SCHOOL ST NO 16 GHAZALI ROAD MAKHAN ,RASOOL ST,70180207,1 TO 716 B-1,,716,716,,2,2
133,GARDEIAN PUBLIC SCHOOL* MAKHAN PURA* LAHORE.,ISLAMPURA,70180301,1TO 599 B-1,599,,599,2,,2
,,IMAM GHAZALI ROAD MAKHANPURA,70180302,1 TO 369 B-2,369,,369,,,
134,GARDEIAN PUBLIC SCHOOL MAKHAN PURA LAHORE,ISLAMPURA,70180301,1 TO 531 B-1,,531,531,,2,2
,(FEMALE),IMAM GHAZALI ROAD MAKHANPURA,70180302,1 TO 347 B-2,,347,347,,,
135,GOVT GIRLS SCHOOL GOL BAGH SHAD BAGH LAHORE,YASIN PARK,70180303,1 TO 567 B-1,567,,567,2,,2
,(MALE),NEWAN MOH ST NO 54 60,70180304,1 TO 846 B-2,846,,846,,,
136,GOVT GIRLS SCHOOL GOL BAGH SHAD BAGH LAHORE,YASIN PARK,70180303,1 TO 491 B-1,,491,491,,2,2
,(FEMALE),NEWAN MOH ST NO 54 60,70180304,1 TO 659 B-2,,659,659,,,
137,GOVT GIRLS COLLEGE GOL BAGH SHAH BAGH LAHORE ,NEWAN MOHALLAH,70180305,1 TO524 B-1,524,,524,2,,2
,,19 E TAKIA JAGAR SHAH,70180306,1 TO661 B-2,661,,661,,,
138,GOVT GIRLS COLLEGE GOL BAGH SHAD BAGH LAHORE (FEMALE),NEWAN MOHALLAH,70180305,1 TO381 B-1,,381,381,,2,2
,,19 E TAKIA JAGAR SHAH,70180306,1 TO 478 B-2,,478,478,,,
139,MCL JUNIOR MODEL SCHOOL CENTERAL ROAD SCHEME NO 2,IKRAM PARK,70180401,1 TO491 B-1,491,,491,2,,2
,WASAN PURA LAHORE (MALE),CHAH MIRAN KHURD,70180402,1 TO 621 B-2,621,,621,,,
140,MCL JUNIOR MODEL SCHOOL CENTERAL ROAD SCHEME NO 2,IKRAM PARK,70180401,1 TO455 B-1,,455,455,,2,2
,WASAN PURA LAHORE ,CHAH MIRAN KHURD,70180402,1 TO 515 B-2,,515,515,,,
141,MCL JUNIOR MODEL SCHOOL CENTERAL ROAD SCHEME NO 2,YAHYA NAGAR,70180403,1 TO542 B-1,542,,542,2,,2
,WASAN PURA LAHORE (MALE),X BLOCK SCHEME NO 2,70180404,1 TO 709,,709,709,,,
142,MCL JUNIOR MODEL SCHOOL CENTERAL ROAD SCHEME NO 2,YAHYA NAGAR,70180403,1 TO 449 B-1,,499,499,,2,2
,WASAN PURA LAHORE ,X BLOCK SCHEME NO 2,70180404,1 TO 566 B-2,,566,566,,,
143,MCL JUNIOR MODEL SCHOOL CENTERAL ROAD SCHEME NO 2 ,MANZOOR PARK,70180405,1 TO 685 B-1,685,,685,2,,2
144,MCL JUNIOR MODEL SCHOOL CENTERAL ROAD SCHEME NO 2 WASAN PURA LAHORE ,MANZOOR PARK,70180405,1 TO 627 B-1,,627,627,,2,2
145,MALIK JUNIOR MODEL SCHOOL MAIN BAZAR CHAHMIRAN (MALE),MANZOOR PARK,70180501,1 TO 494 B-1,494,,494,,2,2
,,DILAWAR ST./,70180502,1 TO 427 B-2,427,,427,,,
146,MALIK JUNIOR MODEL SCHOOL MAIN BAZAR CHAHMIRAN,LAHORI MOH,70180501,1 TO 412 B-1,,412,412,,2,2
,,DILAWAR ST,70180502,1 TO 372 B-2,,372,372,,,
147,SADI FOUNDATION H/S DILAWAR RD CHAHMIRAN LAHORE (MALE),TAKIA JAGAR SHAH,70180503,1 TO 433 B-1,433,,433,3,,3
,,TARIQ ST NO 44,70180504,1 TO 394 B-2,394,,394,,,
,,NEW BILAL PARK,70180505,1 TO 496 B-3,496,,496,,,
148,SADI QOUNDATION H/S DILAWAR RD CHAHMIRAN ,TAKIA JAGAR SHAH,70180503,1 TO 369 B-1,,369,369,,3,3
,,TARIQ ST NO 44,70180504,1 TO 339 B-2,,339,339,,,
,,NEW BILAL PARK,70180505,1 TO 459 B-3,,459,459,,,
149,GOVT CITY MUSLIM LEAGUE HIGH SCHOOL SAID MITHA BAZAR ANDROON LOHARI GAT LAHORE,CHOOCHA SHAHBAZ KHAN,70070101,1 TO 351 B-1,351,,351,4,,4
,,NIWAN CHEET RAM ROAD,70070102,1 TO 440 B-2,440,,440,,,
,,SHAHI MOHALLAH,70070103,1 TO 244 B-3,244,,244,,,
,,NIWIGALI BAROOD KHANA ROAD,70070104,1 TO 361 B-4,361,,361,,,
150,GOVT CITY MUSLIM LEAGUE HIGH SCHOOL SAID MITHA BAZAR ANDROON LOHARI GATE LAHORE,CHOOCHA SHAHBAZ KHAN,70070101,1 TO 313 B-1,,313,313,,4,4
,,NIWAN CHEET RAM ROAD,70070102,1 TO 381 B-2,,381,381,,,
,,SHAHI MOHALLAH,70070103,1 TO 182 B-3,,182,182,,,
,,NIWI GALI BAROOD KHANA ROAD,70070104,1 TO 308 B-4,,308,308,,,
151,M/C JUNIOR MODEL SCHOOL CHOONA MANDI LAHORE (MALE),PANI WALA TALAB MASTI GATE,70070105,1 TO 197 B-1,197,,197,4,,4
,,MOTI BAZAR MASTI GATE,70070201,1 TO 253 B-2,,253,253,,,
,,MOHALLAH SUFI HASSAN DIN,70070202,1 TO 283 B-3,,283,283,,,
,,MOTI BAZAR MASTI GATE,70070203,1 TO 249 B-4,249,,249,,,
152,M/C JUNIOR MODEL SCHOOL CHOONA MANDI LAHORE (FEMALE),PANI WALA TALAB MASTI GATE,70070105,1 TO 172 B-1,,172,172,,4,4
,,MOTI BAZAR MASTI GATE,70070201,1 TO 192 B-2,,192,192,,,
,,MOHALLAH SUFI HASSAN DIN,70070202,1 TO 224,,224,224,,,
,,MOTI BAZAR MASTI GATE,70070203,1 TO 240 B-2,,240,240,,,
153,M/C JUNIOR MODEL SCHOOL CHOONA MANDI LAHORE (MALE),CHOWK CHOONA MANDI,70070204,1 TO 182 B-1,182,,182,4,,4
,,FURSHI BAZAR KASHMIRI GATE,70070205,1 TO 196 B-2,196,,196,,,
,,KUTRY BAWA,70070206,1 TO 362 B-3,362,,362,,,
,,ADNROON MASTI GATE,70070207,1 TO 139 B-4,139,,139,,,
154,M/C JUNIOR MODEL SCHOOL CHOONA MANDI LAHORE,CHOWK CHOONA MANDI,70070204,1 TO 179 B-1,,179,179,,4,4
,,FURSHI BAZR KASHMIRI GATE,70070205,1 TO 136 B-2,,136,136,,,
,,KURTY BAWA,70070206,1 TO 306 B-3,,306,306,,,
,,ANDROON MASTI GATE,70070207,1 TO 122 B-4,,122,122,,,
155,CDGL MIDDLE SCHOOL ALI PARK FOORT ROAD LAHORE (MALE),ANDROON LOHARI GATE,70070301,1 TO 695 B-1,695,,695,2,,2
,,GHUMTI BAZAR,70070302,1 TO 668 B-2,668,,668,,,
156,CDGL MIDDLE SCHOOL ALI PARK FOORT ROAD LAHORE (FEMALE),ANDROON LAHARI GATE,7007031,1 TO 549 B-3,,549,549,,2,2
,,GHUMATI BAZAR,70070302,1 TO 514 B-4,,514,514,,,
157,GOVT. CITY MUSLIM LEAGUE HIGH SCHOOL* SAID MITHA BAZAR* LAHORE.(MALE),MOHALLAH SAITHAN PANI WALA TALAB,70070303,1 TO 741 B-1,741,,741,3,,3
,,LANGEY MANDI,70070304,1 TO 245 B-2,245,,245,,,
,,SAEED MITHA BAZAR,70070305,1 TO 343 B-3,343,,343,,,
158,CITY MUSLIM LEAGUE HIGH SCHOOL SAID MITHA BAZAR LAHORE (FEMALE),MOHALLAH SAITHAN PANI WALA TALAB,70070303,1 TO 590 B-1,,590,590,,3,3
,,LANGEY MANDI,70070304,1 TO 216 B-2,,216,216,,,
,,SAEED MITHA BAZAR,70070305,1 TO 265 B-3,,265,265,,,
159,M/C HEALTH CENTER MUHALLAH SATHAN ANDROON BHATI GATE LAHORE (MALE),FORT HAIDRI ST,70070401,1 TO 240 B-1,240,,240,3,,3
,,GADI MOHALLAH,70070402,1 TO 277 B-2,277,,277,,,
,,KOOCHA SABZ ,70070403,1 TO 230 -B-3,230,,230,,,
160,M/C HEALTH CENTER MUHALLAH SATHAN ANDROON BHATI GATE LAHORE  (FEMALE),FORT HAIDRI ST,70070401,1 TO 257 B-1,,257,257,,3,3
,,GADI MOHALLAH,70070402,1 TO 207 B-2,,207,207,,,
,,KOOOCHA SABZ PIR,70070403,1 TO 189 B-3,,189,189,,,
161,GOVT ASIFA GHS TEHSIL BAZAR ANDROON BHATTI GATE (MALE),RAJA DEHAN SING,70070404,1 TO 715 B-1,715,,715,2,,2
,,RAJA DEHAN SING,70070404,716 TO 1415 B-2,700,,700,,,
162,GOVT ASIFA G.H.S TEHSIL BAZAR ANDROON BHATTI GATE LAHORE. (FEMALE),RAJA DEHAN SING,70070404,1TO 595 B-1,,595,595,,2,2
,,RAJA DEHAN SING,70070404,1 TO 1140 B-2,,545,545,,,
163,GOVT. ASIFA G.HS TEHSIL BAZAR. ANDROON BHATTI ,PARAN TEHSIL BAZAR,70070405,-,480,,480,1,,1
164,GOVT ASIFA GHS TEHSIL BAZAR ANDROON BHATTI GATE ,PARAN TEHSIL BAZAR,70070405,1 TO 347 B-1,,347,347,,1,1
165,VICTORIA HIGHER SECONDARY GIRLS SCHOOL MADAN BHAIAN MORI GATE LAHORE (MALE),MOHALLAH THATHI MULA KHAN,70080101,1 TO 391 B-1,391,,391,3,,3
,,MOHALLAH SAMIA,70080102,1 TO 261 B-2,261,,261,,,
,,JOGI MOHAMMAD,70080103,1TO 481,481,,481,,,
166,VICTORIA HIGHER SECONDARY GIRLS SCHOOL MANDAN BHAIAN MORI GATE LAHORE (FEMALE),MOHALLAH THATHI MULAKHAN,70080101,1 TO 268 B-1,,268,268,,3,3
,,MOHALLAH SAMIA,70080102,1 TO 220 B-2,,220,220,,,
,,JOGI MOHALLAH,70080103,10 TO 314 B-3,,314,314,,,
167,VICTORIA HIGHER SECONDARY GIRLS SCHOOL MADAN BHAIAN,FAQIR KHANA,70080104,1 TO 640 B-1,640,,640,3,,3
,MORI GATE LAHORE (MALE,KOOCHA PEHLWANA,70080105,1 TO 299 B-2,299,,299,,,
,,MOHALLAH NOOR,70080106,1 TO 233 B-3,233,,233,,,
168,VICTORIA HIGHER SECONDARY GIRLS SCHOOL MADAN BHALAN,FAQIR KHANA,70080104,1 TO 493 B-1,,493,493,,2,2
,,KOOCHA ,70080105,1 TO 263 B-2,,263,263,,,
,,MOHALLAH  NOOR,70080106,1 TO 172 B-3,,172,172,,,
169,VICTORIA HIGHER SECONDARY GIRLS SCHOOL MADAN BHAIAN,BAZAR HAKIMA,70080201,1 TO 535 B-1,535,,535,,2,2
,MORI GATE LAHORE (FEMALE),MOHALLAH CHOOMALA,70080202,1 TO 668 B-2,668,,668,,,
170,VICTORIA HIGHER SECONDARY GIRLS SCHOOL MADAN BHAIAN,BAZAR HAKIMA,70080201,1 TO 445 B-1,,445,445,,2,2
,MORI GATE LAHORE (FEMALE),MOHALLAH CHOOMALA,70080202,1 TO 585 B-2,,585,585,,,
171,VICTORIA HIGHER SECONDARY GIRLS SCHOL* MADAN BHAIAN*,PUT RANGA,70080203,1 TO 505 B-1,505,,505,2,,2
,MORI GATE* LAHORE.,CHUMALA PIDAN,70080204,1 TO 530 B-2,530,,530,,,
172,VICTORIA HIGHER SECONDARY GIRLS SCHOOL MADAN BHAIAN,PUT RANGA,70080203,1 TO 466 B-1,,466,466,,2,2
,MORI GATE LAHORE,CHUMALA PINAD,70080204,1 TO 398 B-2,,398,398,,,
173,VICTORIA HIGHER SECONDARY GIRLS SCHOOL MADAN BHAIAN MORI GATE LAHORE (MALE),MOHALLAH NAEIAN,70080205,1 TO 525 B*1,525,,525,3,,3
,,KOOCHA BALIAN,70080301,1 TO 352 B-2,352,,352,,,
,,MOHALLAH WAN WALI TEHSIL BAZAR,70080302,1 TO 447 B-3,447,,447,,,
174,VICTORIA HIGHER SECONDARY GIRLS SCHOOL MADAN BHAIAN MORI GATE LAHORE (FEMALE),MOHALLAH NAEIAN WALA,70080205,1 TO 418 B-1,,418,418,,3,3
,,KOOCHA BALIAN,70080301,1 TO 253 B-2,,253,253,,,
,,MOHALLAH WAN WALI TEHSIL BAZAR,70080302,1 TO 361 B-3,,361,361,,,
175,VICTORIA HIGHER SECONDARY GIRLS SCHOOL MADAN BHAIAN MOIR GATE LAHORE (MALE),MOHHALAH SATHAN,70080303,1 TO 730 B-1,730,,730,2,,2
,,ANDROON BHATTI GATE,70080304,1 TO 465 B-2,465,,465,,,
176,VICTORIA HIGHER SECONDARY GIRLS SCHOOL MADAN BHAIAN MORI GATE LAHORE (FEMALE),MOHALLAH SATHAN,70080303,1 TO 543 B-1,,543,543,,2,2
,,ANDROON BHATTI GATE,70080304,1 TO 317 B-2,,317,317,,,
177,ISLAMIA H/S OUTSIDE BHATTI ,SAID MITHA ,70080305,1 TO 316 B-1,316,,316,3,,3
,,MOHALLAH KACH KOTRIA,70080401,1 TO 364 B-2,364,,364,,,
,,MOHALLAH PHUIAN NANAK,70080402,1 TO 519 B-3,519,,519,,,
178,ISLAMIA H/S OUTSIDE BHATTI GATE LAHORE (FAMALE),SAID MITHA BAZAR,70080305,1 TO 231 B-1,,231,231,,3,3
,,MOHALLAH KACH KOTRIA,70080401,1 TO 276 B-2,,276,276,,,
,,MOHALLAH PHUIAN NANK,70080402,1 TO 425 B-3,,425,425,,,
179,MUNCIPAL CORPORATION GIRLS SCHOOL NEAR GANDA NALA OUTSIDE BHATTI GATE,PANJ PIR BAZAR,70080403,1 TO 618 B-1,618,,618,2,,2
,LAHORE (MALE),KOOCHA BILA RAM,70080404,1 TO 356 B-2,356,,356,,,
180,MUNCIPAL CORPARATION GIRLS SCHOOL NEAR GANDA NALA OUTSEDE BHATTI GATE,PANJ PIR BAZAR,70080403,1 TO 479-B1,,479,479,,2,2
,LAHORE (FEMALE),KOOCHA BILA RAM,70080404,1 TO 229 B-2,,229,229,,,
181,MUNCIPAL CORPOARATION GIRLS SCHOOL NEAR GANDA NALA OUTSIDE BHATTI GATE,KOOCHA ELAHI BUKSH,70080405,1 TO 633 B-1,633,,633,2,,2
,LAHORE. (MALE),KOCHA INAYAT SHAH,70080406,1 TO 424 B-2,424,,424,,,
182,MUNCIPAL CORPORATION GIRLS SCHOOL NEAR GANDA NALA OUT SIDE BHATTI GATE,KOOCHA ELAHI BUKSH,70080405,1 TO 444 B-1,,444,444,,2,2
,LAHORE (FEMALE),KOOCHA INAYAT SHAH,70080406,1 TO 434 B-2,,434,434,,,
183,ISLAMIA H/S BARONE BHATTI GATE LAHORE (MALE),MOHALLAH MOLANA ROONI,70090101,1 TO 126 B-1,126,,126,2,,2
,,MOHAMMAD AURANGZEB,70090102,1 TO 255 B-2,255,,255,,,
,,MOHALLAH JALOTIAN,70090103,1TO 596 B-3,596,,596,,,
184,ISLAMIA H/S BARONE BHATTI GATE LAHORE (FEMALE),MOHALLAH MOLANA ROOMI,70090101,1 TO 117 B-1,,117,117,,3,3
,,MOHALLAH AURANGZEB,70090102,1 TO 237 B-2,,237,237,,,
,,MOHALLAH JALOTIAN,70090103,1 TO 439 B-3,,439,439,,,
185,MC GIRLS H/S LOHARI GATE LAHORE,MAIDAN BHAIAN,70090104,1 TO 609 B-1,609,,609,4,,4
,,MORI GATE,70090201,1 TO 290 B-2,290,,290,,,
,,KOOCHA AILDAR,70090202,1 TO 460 B-3,460,,460,,,
,,D MOHALLAH CHIR MARAN,7090203,1 TO 388 B-4,388,,388,,,
186,MC GIRLS H/S LOHARI GATE LAHORE (FEMALE),MAIDAN BHAIAN,70090104,1 TO 477 B-1,,477,477,,4,4
,,MORI GATE,70090201,1 TO 203 B-2,,203,203,,,
,,KOOCHA ALLDAR,70090202,1 TO 374 B-3,,374,374,,,
,,D MOHALLAH CHIR MARAN,70090203,10 TO 294 B-4,,294,294,,,
187,MC SCHOOL MOHALLAH GALI WATIAN BHATTI GATE LAHORE,MUHALLAH SUNAIRIA,70090204,1 TO 541 B-1,541,,541,2,,2
,,KOCHA SIRKI BANDAN,70090301,1 TO 349 B-2,349,,349,,,
188,MC SCHOOL MOHALLAH GALI WATIAN BHATTI GATE LAHORE (FEMALE),MUHALLAH SUNAIRIA,70090204,1 TO 400 B-1,,400,400,,2,2
,,KOOCHA SIRKI BANDAN,70090301,1 TO 313 B-2,,313,313,,,
189,MC GIRLS H/S MORI GATE LAHORE (MALE),GALI MANJ KATAN,70090302,1 TO 661 B-1,661,,661,3,,3
,,GALI KAKKA WALI,70090303,1 TO 429 B-2,429,,429,,,
,,KOCHA GHOUSIA,70090304,1 TO 154 B-3,154,,154,,,
190,MC GIRLS H/S MORI GATE LAHORE (FEMALE),GALI MANJ KATAN,70090302,1 TO 549 B-1,,549,549,,3,3
,,GALI KAKKA WALI,70090303,1 TO 311 B-2,,311,311,,,
,,KOCHA GHOUSIA,70090304,1 TO 112 B-3,,112,112,,,
191,MC PRIMERY SCHOOL WACHOWALI BAZAR LAHORE,WACHOO WALI,70090401,1 TO 657 B-1,657,,657,2,,2
,(MALE),KOOCHA BHADER KALI,70090402,1 TO 450 B-2,450,,450,,,
192,MC BRIMERY SCHOOL WACOWALI (FEMALE),WACHOO WALI,70090401,1 TO 550 B-1,,550,550,,2,2
,,BOOCHA BHADER KALI,70090402,1 TO 265 B-2,,265,265,,,
193,MC GIRLS H/S MORI GATE LAHORE,JOREY MORI,70090403,1 TO 394 B-1,394,,394,4,,4
,,MOHALLAH HAWALI PITHRANWALI,7090404,1 TO 333 B-2,333,,333,,,
,,KOOCHA DOGRAN PAPER MANDI,70090405,1 TO 321 B-3,321,,321,,,
,,BAZAR SHESHA MOTI,70090406,1 TO 222 B-4,222,,222,,,
194,MC GIRLS H/S MORI GATE LAHORE (FEMALE),JOREY MORI,70090403,1 TO 404 B-1,,404,404,,4,4
,,MOHALLAH HAWALI PITHRANWALI,70090404,1 TO 256 B-2,,256,256,,,
,,KOOCHA DOGRAN PAPER MANDI,70090405,1 TO 289 B-4,,289,289,,,
,,BAZAR SHESHA MOTI,70090406,1 TO 198 B-4,,198,198,,,
195,MC GIRLS SCHOOL SUTAR MANDI LAHORE (MALE),KOOCHA AKAIAN,70090501,1 TO 992 B-1,992,,992,2,,2
,,KOOCHA KIRPA RAM,70090502,1 TO 523 B-2,523,,523,,,
196,MC GIRLS SCHOOL SUTAR MANDI LAHORE (FEMALE),KOOCHA AKAIAN,70090501,1 TO 797 B-1,,797,797,,2,2
,,KOOCHA KIRPA RAM,70090502,1 TO 475 B-2,,475,475,,,
197,M.C. GIRLS SCHOOL SUTAR MANDI* LAHORE. (MALE),SAMI HOOKAN,70090503,1 TO 464 B-1,464,,464,2,,2
,,ISLAM GALI,70090504,1 TO 264 B-2,264,,264,,,
198,MC GIRLS SCHOOL SUTAR MANDI LAHORE (FEMALE),SAMI HOOKAN,70090503,1 1 TO 403 B-1,,403,403,,2,2
,,ISLAM GALI,70090504,1 TO 183 B-2,,183,183,,,
199,OFFICE MUNCIPAL CORPOARATION PANI WALA TALAB* LAHORE.,MOHAALAH SIREEN RANG MEHAL,70100101,1 TO 290 B-1,290,,290,3,,3
,,KOOCHA KUNDI GRAN,70100102,1 TO 441 B-2,441,,441,,,
,,CHAHTA BAZAR,70100103,1 TO 536 B-3,536,,536,,,
200,OFFICE MUNCOPAL CORPARATIAN PANI WALA ,MOHALLAH SIREEN RANG ,70100101,1 TO 259 B-1,,259,259,,3,3
,,KOOCHA KUNDI GRAN CHAHTA BAZAR,70100103,1 TO 316 B-2,,316,316,,,
,,CHAHTA AZAR,70100103,1 TO 377 B-3,,377,377,,,
201,GOVT FATIMA JINNAH COLLEGE CHUNA MANDI ANDRAN KASHMIRI GATE,MOHALLAH MITHRAN,7100104,1 TO 485 B-1,485,,485,2,,2
,(MALE),MOHALLAH KHOTHIDARAN,70100201,1 TO 491 B-2,491,,491,,,
202,GOVT FATIMA JINNAH COLLEGE CHUNA MANDI ANDRON KASHMIRI GATE,MOHALLAH MITHRAN,70100104,1 TO 444 B-1,,444,444,,2,2
,(FEMALE),MOHALLAH KHOTHIDRAN,70100201,1 TO 407 B-2,,407,407,,,
203,CDGL DISPENSARY BAZAR WACHOWALI LAHORE,KOOCHA DARGA DAS,70100202,1 TO 599 B-1,599,,599,1,,1
204,CDGL DISPENSARY BAZAR WACHOWALI LAHORE,KOOCHA DARGA DAS,70100202,1 TO 577 B-1,,577,577,,1,1
205,TALEEM UL BINAT MADRASA GHUMTI BAZAR SHESHAN MOTI BAZAR ANDRON LAHARI GATE,MOHALLAH POOLAN WALI,70100203,1 TO 961 B-1,961,,961,2,,2
,LAHORE (MALE),ITHAD GALI LOHARI GATE,70100204,1 TO 189 B-2,189,,189,,,
206,TALEEM UL BINAT MADRASA GHUMTI BAZAR SHESHAN MOTI BAZAR ANDRON LAHARI GATE,MOHALLAH POOLAN WALI,70100203,1 TO 722 B-1,,722,722,,2,2
,LAHORE (FEMALE),ITHAD GALI LOHARI GATE,70100204,1 TO 134 B-2,,134,134,,,
207,TALEEM UL BINAT MADRASA GHUMTI BAZAR SHESH MOTI ANDRON LOHARI GATE LAHOTE,MOHALLAH KHARASIAN,70100205,1 TO 655 B-1,655,,655,2,,2
,(MALE),MOHALLAH  KHARASIAN,70100205,656 TO 1286 B-1,631,,631,,,
208,TALEEM UL BINAT MADRASA GHUMTI BAZAR SHESHAN MOTI BAZAR ANDRON LAHARI GATE ,MOHALLAH KHARASIAN,70100205,1 TO 842 B-1,,842,842,,2,2
209,GOVT CHRISTIAN H/S RANG MEHAL LAHORE (MALE),KOCHA SIDU MISAR,70100301,1 TO 454 B-1,454,,454,2,,2
,,SHOE MARKAT WACHO WALI,70100302,1 TO 831 B-2,831,,831,,,
,,KOOCHA TIR GARAN,70100303,1 TO 299 B-3,299,,299,,,
210,GOVT CHRISTIAN H/S RANG ,KOOCHA SIDU ,70100301,1 TO 389 B-1,,389,389,,2,2
,,SHOE MARKET WACHO WALI,70100302,1 TO 487 B-2,,487,487,,,
,,KOOCHA TIR GARAN,70100303,1 TO 196 B-3,,196,196,,,
211,GOVT CHRISTIAN SCHOOL CHOWK RANG MEHAL LAHORE (MALE),KOOCHA TAILAIN,70100304,1 TO 450 B-1,450,,450,3,,3
,,KOOCHA KHOTHI DARAN,70100401,1 TO 489 B-2,489,,489,,,
,,SIRIAN WALA BAZAR,70100402,1 TO 203 B-3,203,,203,,,
212,GOVT CHIRSTIAN SCHOOL CHOWK RANG MEHAL LAHORE,KOCHA TAILAIN,70100304,1 TO 401 B-1,,401,401,,3,3
,(FEMALE),KOOCHA KHOTHI DARAN,70100401,1 TO 436 B-2,,436,436,,,
,,SIRIAN WALA BAZAR,70100402,1 TO 181 B-3,,181,181,,,
213,GOVT CHRISTIAN SCHOOL CHOWK RANG MEHAL LAHORE MALE),HAVELI MIAN KHAN,70100403,1 TO 541 B-1,541,,541,2,,2
,,KOOCHA KAMAN GRAN,70100404,1 TO 495 B-2,495,,495,,,
214,GOVT CHRISTIAN SCHOOL CHOWK RANG MEHAL LAHORE (FEMALE),HAVELI MIAN KHAN,70100403,1 TO 375 B-1,,375,375,,2,2
,,KOOCHA KAMAN GRAN,70100404,1 TO 501 B-2,,501,501,,,
215,GOVT FOR MEN SCHOOL CHOWK FAWAR SHAIMI LAHORE (MALE),MOHALLAH PIR GILLANI,70100405,1 TO 542 B-1,542,,542,2,,2
,,KASIRA BAZAR KOOCHA CHABAK SAWARIN,70100406,1 TO 194 B-2,194,,194,,,
216,GOVT FOR MEN SCHOOL CHOWK FAWAR SHADM SHALMI LAHORE (FEMALE),MOHALLAH PIR GILLANI,70100405,1 TO 405 B-1,,405,405,,2,2
,,KASIRA BAZAR KOOCHA CHABAK SAWARN,70100406,1 TO 142 B-2,,142,142,,,
217,ISLAMIA H/S SHERANWALA GATE LAHORE (MALE),F-AYUB SHAH BANGLA,70110101,1 TO 334 B-1,334,,334,3,,3
,,MOHALLAH TAVEELIA ,70110102,1 TO 97 B-2,97,,97,,,
,,MOHALLAH BZURG SHAH CHOONA MANDI,70110103,1 TO 683 B-3,683,,683,,,
218,ISLAMIA H/S SHERANWALA GATE LAHORE,F AYUB SHAH BANGLA,70110101,1 TO 322 B-1,,322,322,,3,3
,,MOHALLAH TAVEELIA BANSANWALA,70110102,1 TO 100 B-2,,100,100,,,
,,MOHALLAH BZURG SHAH CHOONA MANDI,70110103,1 TO 501 B-3,,501,501,,,
219,ISLAMAIA H/S SHERANWALA GATE LAHORE (MALE),MOHALLAH KAKKHAY ZAIAN,70110104,1 TO 541 B-1A,541,,541,2,,2
,,CHOOHTA MUFTI BAQIR,70110105,1 TO 429 B-2,429,,429,,,
220,ISLAMIA H/S SHERANWALA GATE LAHORE (FEMALE),MOHALLAH KAKKHAY AZIAN,70110104,1 TO 383 B-1,,383,383,,2,2
,,CHOOHTA MUFTI BAQIR,70110105,1 TO 433 B-2,,433,433,,,
221,ISLAMIA H/S SHERANWALA GTE LAHORE (MALE),TUKIA SADUWAN,70110201,1 TO 604 B-1,604,,604,2,,2
,,MOHALLAH PIR GILLANI,70110202,1 TO 473 B-2,473,,473,,,
222,ISLAMIA H/S SHERANWALA GATE LAHORE (FEMALE),TUKIA SADUWAN,70110201,1 TO 469 B-1,,469,469,,2,2
,,MOHALLAH PIR GILLANI,70110202,1 TO 378 B-2,,378,378,,,
223,ISLAMIA H/S SHERANWALA GATE LAHORE (MALE),ANDROON MOCHI GATE,70110203,1 TO 571 B-1,571,,571,2,,2
,,KUMAN GRAN,70110204,1 TO 410 B-2,410,,410,,,
224,ISLAMIA H/S SHERANWALA GATE LAHORE,ANDROON MOCHI GATE,70110203,1 TO 493 B-1,,493,493,,2,2
,,KUMAN GARAN,70110204,1 TO 368 B-2,,368,368,,,
225,GOVT GIRLS H/S DEHLI GATE LAHORE (MALE),MOHALLAH KIKHYZIAN,70110301,1 TO 818 B-1,818,,818,2,,2
,,KHARADI ,70110302,1 TO 675 B-2,675,,675,,,
226,GOVT GIRLS H/S DEHLI GATE LAHORE (FEMALE),MOHALLAH KIKHYZIAN,70110301,1 TO 700 B-1,,700,700,,2,2
,,KHARADI MOHALLAH,70110302,1 TO 606 B-2,,606,606,,,
227,GOVT MODERN MIDDLE SCHOOL TAKIA SADHWANDI LAHORE (MALE),MOHALLAH NAMD GRAN,70110303,1 TO 308 B-1,308,,308,2,,2
,,MOHALLAH NOHRIAN,70110304,1 TO 369 B-2,369,,369,,,
228,GOVT MODERN MIDDLE SCHOL TAKIA SADHWANDI LAHORE (FEMALE),MOHALLAH NAMD GRAN,70110303,1 TO 284 B-1,,284,284,,2,2
,,MOHALLAH NOHRIAN,70110304,1 TO 331 B-2,,331,331,,,
229,GOVT MODEL SCHOOL MUHAMMADI GHOUS OUTSIDE AKBARI GATE LAHORE (MALE),MOHALLAH GHUNGHER WARIA,70110305,1 TO 438 B-1,438,,438,2,,2
,,MOHALLAH HAMAN WALI,70110401,1 TO 658 B-2,658,,658,,,
230,GOVT MODEL SCHOOL MUHAMMADI GHOUS OUTSIDE AKBARI GATE LAHORE (FEMALE),MOHALLAH GHUNGHER WARIA,70110305,1 TO 351 B-1,,351,351,,2,2
,,MOHALLAH HAMAN WALI,70110401,1 TO 515 B-2,,515,515,,,
231,JUNIOR MODEL SCHOOL MOHALLAH SHIAN CHOWK NAWAB SAHIB AKBARI MANDI,KATRA PURBIAN,70110402,1 TO 463 B-1,463,,463,3,,3
,LAHORE (MALE),HAVALI PATHRAN WALI,70110403,1 TO 251 B-2,251,,251,,,
,,MOHALLAH HAWAGARAN,70110404,1 TO 509 B-3,509,,509,,,
232,JUNIOR MODEL SCHOOL MOHALLAH SHIAN CHOWK NAWAB SAHIB AKBARI MANDI,KATRA PURBIAN,70110402,1 TO 313 B-1,,313,313,,3,3
,LAHORE (FEMALE),HAVALI PATHRAN WALI,70110403,1 TO 294 B-2,,294,294,,,
,,MOHALLAH HAWAGARAN,70110404,1 TO 407 B-3,,407,407,,,
233,MC P/S YAKKI GATE LAHORE (MALE),KOOCHA KHAIR DIN,70120101,1 TO 496 B-1,496,,496,3,,3
,,GALI HAJI YAKI GATE,70120102,1 TO 414 B-2,414,,414,,,
,,GALI BOOTEY SHAH,70120103,1 TO 520 B-3,520,,520,,,
234,M.C P/S YAKKI GATE LAHORE (FEMALE),KOOCHA KHAIR DIN,70120101,1 TO 348 B-1,,348,348,,3,3
,,GALI HAJI YAKI GATE,70120102,1 TO 298 B-2,,298,298,,,
,,GALI BOOTEY SHAH,70120103,1 TO 388 B-3,,388,388,,,
235,MC P/S YAKKI GATE LAHORE (MALE),KOCHA MALI TALI,70120104,1 TO 472 B-1,472,,472,4,,4
,,KOOCHA CHAUNDHARY SADDIQ,70120105,1 TO 428 B-2,428,,428,,,
,,GALI NADIR WALI YAKKI GATE,70120106,1 TO 250 B-3,250,,250,,,
,,NIWAN MOHALLAH,70120107,1 TO 182 B-4,182,,182,,,
236,MC P/S YAKKI GATE LAHORE (FEMALE),KOCHA MALI TALI,70120104,1 TO 454 B-1,,454,454,,4,4
,,KOOCHA CHAUDHARY SADDIQ,70120105,10 TO 413 B-2,,413,413,,,
,,GALI NADIR WALI YKKI GATE,70120106,10 TO 254 B-3,,254,254,,,
,,NIWAN MOHALLAH,70120107,10 TO 135 B-4,,135,135,,,
237,GOVERMMENT TEHZEEB UL BANAT TAKIA SADHUAN ROAD MEHAL LAHORE (MALE),MOHALLAH NOGRAN,70120201,1 TO 429 B-1,429,,429,2,,2
,,SHERANWALA GATE,70120202,10 TO 190 B-2,190,,190,,,
238,GOVERMMENT TEHZEEB UL BANAT TAKIA SADHUAN ROAD MEHAL LAHORE (FEMALE),MOHALLAH NOGRAN,70120201,1 TO 364 B-1,,364,364,,2,2
,,SHERANWALA GATE,70120202,10 TO 162 B-2,,162,162,,,
239,GOVERMMENT TEHZEEB UL BANAT TAKIA SADHUAN ROAD MEHAL LAHORE (MALE),KHIZRI MOHALLAH,70120203,10 TO 453 B-1,453,,453,2,,2
,,ADDA TAILLAN,70120204,1 0TO 620 B-2,620,,620,,,
240,GOVERMMENT TEHZEEB UL BANAT TAKIA SADHUAN ROAD MEHAL LAHORE,KHIZRI MOHALLAH,70120203,1 TO 445 B-1,,445,445,,2,2
,,ADDA TAILLAN,70120204,1 TO 466 B-2,,466,466,,,
241,HAJI COMP EMPRESS ROAD LAHORE (MALE),MOH GULISTAN,70650101,10 TO 874 B-1,874,,874,2,,2
,,FAISAL STREET,70650102,10 TO 489 B-2,489,,489,,,
242,HAJI COMP EMPRESS ROAD LAHORE (FEMALE),MOH GULISTAN,70650101,10 TO 695 B-1,,695,695,,2,2
,,FAISAL STREET,70650102,10 TO 412 B-2,,412,412,,,
243,GOVERNMENT MODERN GIRLS HIGH SCHOOL RAHIM STREET NO 33 QILA GUJJAR SING*,QILA GUJAR SNGH,70650103,10 TO 424 B-1,424,,424,2,,2
,LAHORE (MALE),E EMPRESS ROAD,70650104,10 TO 429 B-2,429,,429,,,
244,GOVERNMENT MODERN GIRL HIGH SCHOOL RAIM STREET NO 33 QILA GUJJAR SING,QILA GUJAR SINGH,70650103,1 TO 388 B-1,,388,388,,2,2
,LAHORE (FEMALE),F EMPRESS ROAD,70650104,10 TO 397 B-2,,397,397,,,
245,GOVT DON BASCO H/S EMPRESS ROAD LAHORE (MALE),DIAL SINGH COLLEGE,70650105,1 TO 516 B-1,516,,516,2,,2
,,DIL MUHAMMAD ROAD,70650106,10 TO 568 B-2,568,,568,,,
246,GOVT DON BASCO H/S EMPRESS ROAD LAHORE (FEMALE),DIAL SINGH COLLEGE,70650105,10 TO 380 B-1,,380,380,,2,2
,,DIL MUHAMMAD ROAD,70650106,10 TO 510 B-2,,510,510,,,
247,AISHA MODEL COLLEGE NICOLSON ROAD LAHORE,AZIZ STREET,70650201,10 TO 654 B-1,654,,654,2,,2
,,PATHI GROUND,70650202,1 TO 451 B-2,451,,451,,,
248,AISHA MODEL COLLEGE NICOLSON ROAD LAHORE,AZIZ STREET,70650201,1 TO 620 B-1,,620,620,,2,2
,,PATHI GROUND,70650202,10 TO 418 B-2,,418,418,,,
249,ADDARA TALEEM UL AGHAHI SCHOL ABDUL KARIM ROAD,LAL CHOWK,70650203,1 TO 313 B-1,313,,313,4,,4
,LAHORE (MALE),ABORT ROAD,70650204,1 TO 325 B-2,325,,325,,,
,,ABDULKARIM ROAD,70650205,1 TO 454 B-3,454,,454,,,
,,QILA GUJJAR SINGH,70650206,1 TO 371 B-3,371,,371,,,
250,ADDARA TALEEM UL AGHAHI SCHOL ABDUL KARIM ROAD,LAL CHOWK,70650203,1 TO 289 B-1,,289,289,,4,4
,LAHORE (FEMALE),ABORT ROAD,70650204,1 TO 270 B-2,,270,270,,,
,,ABDULKARIM ROAD,70650205,1 TO 371 B-3,,371,371,,,
,,QILA GUJIAR SINGH,70650206,1 TO 320 B-3,,320,320,,,
251,OFFICERS CULB RAILWAY POLICLINE MECLOAD ROAD,SDAT STREET,70650301,1 TO 394 B-1,394,,394,2,,2
,(MALE),MOH. GHOHAR SHAH,70650302,1 TO 624 B-2,624,,624,,,
252,OFFICERS CLUB RAILWALY POLICLINE MECLOAD ROAD,SDAT STREET,70650301,1 TO 297 B-1,,297,297,,2,2
,(FEMALE),MOHGHOHAR SHAH,70650302,1 TO 370 B-2,,370,370,,,
253,GOVT DIALSING COLLEGE HOSTAL LAHORE MALE,FLEMING ROAD,70650304,-,348,,348,3,,3
,,FATEH M ROAD,70650304,-,804,,804,,,
,,SHAH ABU ALMALIROAD,70650305,-,,714,714,,,
254,GOVT.DIAL SING COLLEGE*S HOSTAL LAHORE.(FEMALE),FLEMING ROAD,70650303,1 TO 274 B-1,,274,274,,3,3
,,FATEH M. ROAD,70650304,1 TO 499 B-2,,499,499,,,
,,SHAH ABU ALMALI ROAD.,70650305,1 TO 524 B-3,,524,524,,,
255,OFFICERS CLUB RALIWALY POLICLINE MECLOAD ROAD,PREMGALI,70650401,1 TO 450 B-1,450,,450,2,,2
,,FLEMING ROAD,70650402,1 TO 673 B-2,673,,673,,,
256,OFFICERS CLUB RAILWALY POLICLINE MECLOAD ROAD,PREM GALI,70650401,1 TO 332 B-1,,332,332,,2,2
,,FLEMING ROAD,70650402,1 TO 543 B-2,,543,543,,,
257,OFFICERS CLUB RAILWALY POLICLINE MECLOAD ROAD (MALE),FAILWAY POLICE LINE,70650501,1 TO 435 B-1,435,,435,2,,2
,,BILAL STREET,70650502,1 TO 608 B-2,608,,608,,,
258,OFFICERS CLUB RAILWALY POLICLINE MECLAD ROAD (FEMALE),RAILWALY POLICE LINE,70650503,1 TO 394 B-1,,394,394,,2,2
,,BILAL STREET,70650502,1 TO 472 B-2,,472,472,,,
259,OFFICERS CLUB RAILWALY POLICLINE MECLOAD ROAD (MALE),FATHI GROUND NO 2,70650503,1 TO 468 B-1,468,,468,2,,2
,,PATHI GROUND,70650504,1 TO 574 B-2,574,,574,,,
260,OFFICERS CLUB RAILWALY POLIC LINE MECLOAD ROAD (FEMALE),FATHI GROUND NO 2,70650503,1 TO 281 B-1,,281,281,,2,2
,,TATHI GROUND,70650504,1 TO 428 B-2,,428,428,,,
261,GOVT ISLAMIA JUNIOR MODEL SCHOOL FOR GIRLS RAJA RAM,GURDWARA ST,70660101,1 TO 452 B-1,452,,452,3,,3
,ST GAWAIMANDI LAHORE (MALE),AMRAT DAHARA,70660102,1 TO 540 B-2,540,,540,,,
,,SAIL SING ,70660103,1 TO 558 B-3,558,,558,,,
262,GOVT ISLAMIA JUNIOR MODEL SCHOOL FOR GIRLS RAJA RAM,GURDWARA ST,70660101,1 TO 287 B-1,,287,287,,3,3
,ST GAWAIMANDI LAHORE (FEMALE),AMRAT DAHARA,70660102,1 TO 318 B-2,,318,318,,,
,,SAHIL SING RAJA RAM,70660103,1 TO 382 B-3,,382,382,,,
263,DEAL SINGH COLLEGE NISBAT ROAD LAHORE (MALE),NASBAT ROAD,70660104,1 TO 496 B-1,496,,496,4,,4
,,BHAGWAN BAZAR,70660105,1 TO 542 B-2,542,,542,,,
,,MOHALLAH GOWALIAN,70660106,1 TO 427 B-3,427,,427,,,
,,TEGOR ST,70660107,1 TO 413 B-4,413,,413,,,
264,DEAL SINGH COLLEGE NISBAT ROAD LAHORE (FEMALE),NISBAT ROAD,70660104,1 TO 391 B-1,,391,391,,4,4
,,BHAGWAN BAZAR,70660105,1 TO 431 B-1,,431,431,,,
,,MOHALLAH GOWALIAN,70660106,1 TO 412 B-2,,412,412,,,
,,TEGOR ST,70660107,1 TO 340 B-3,,340,340,,,
265,DIAL SINGH COLLEGE NISBAT ROAD LAHORE (MALE),TEGOR ST MOH GHOWALIAN,70660201,1 TO 488 B-4,488,,488,1,,1
266,DIAL SINGH COLLEGE NISBAT ROAD LAHORE (FEMALE),TEGOR ST MOH GHOWALIAN,70660201,1 TO 366 B-1,,366,366,,1,1
267,M C MIDDLE SCHOOL MAIN BAZAR GAWAL MANDI LAHORE (MALE),ATHA GEGUM SHARIF PANI PUT,70660202,1 TO 898 B-1,898,,898,1,,1
268,M C MIDDLE SCHOOL MAIN BAZAR GAWAL MANDI LAHORE (FEMALE),AATHA GEGUM SHARIF PANI PUT,70660202,1 TO 801 B-1,,801,801,,1,1
269,MC MIDDLE SCHOOL MAIN BAZAR GAWAL MANDI LAHORE,GANDA ENGINE,70660203,1 TO 224 B-1,224,,224,4,,4
,(MALE),KOOCHA NISBAT RD,70660204,1 TO 549 B-1,549,,549,,,
,,PANI PUT ST,70660206,1 TO 246 B-3,246,,246,,,
,,NISBAT ROAD,70660207,1 TO 331 B-4,331,,331,,,
,,MOHALLAH GOYALLIAN,07660205,1 TO 401 B-2,401,,401,,,
270,MC MIDDLE SCHOOL MAIN BAZAR GAWAL MANDI LAHORE,GANDA ENGINE,70660203,1 TO 172 B-1,,172,172,,4,4
,,KOOCHA ,70660204,1 TO 403 B-1,,403,403,,,
,,MOHALLAH GOYALIAN,70660205,1 TO 297 B-2,,297,297,,,
,,NISBAT ROAD,70660207,1 TO 268 B-4,,268,268,,,
,,PANI PUT ST.,70660206,1 TO 170 B-3,,170,170,,,
271,M C MIDDLE SCHOOL AMIN BAZAR GAWAL MANDI LAHORE,DEWABA ST,70660301,1 TO 386 B-1,386,,386,3,,3
,(MALE),KOOCHA SAIBF UL MALOOK,70660302,1 TO 750 B-2,750,,750,,,
,,FEROZ DIN ST,70660303,1 TO 384 B-3,384,,384,,,
272,M.C MIDDLE SCHOOL MAIN BAZAR GAWAL MANDI LAHORE,DEWABA ST,70660301,1 TO 330 B-1,,330,330,,3,3
,(FEMALE),KOOCHA SAIBF UL MALOOK,70660302,1 TO 667 B-2,,667,667,,,
,,FEROZ DIN ST,70660303,1 TO 328 B-3,,328,328,,,
273,M C JUNIOR SCHOOL GANDA ENGINE GAWAL MANDI (MALE),KARISHNA BAZAR,70660304,1 TO 413 B-1,413,,413,2,,2
,,AMEER ALI ROAD,70660305,1 TO 413 B-2,413,,413,,,
274,M C JUNIOR SCHOOL GANDA ENGINE GAWAL MANDI (FEMALE),KARISHAN BAZAR,70660304,1 TO 342 B-1,,342,342,,2,2
,,AMEER ALI ROAD,70660305,1 TO 285 B-2,,285,285,,,
275,GOVT ISLAMIA COLLEGE RAILWAY RAD LAHORE (MALE),MIKHIRAN ST NO 3,70660401,1 TO 809 B-1,809,,809,2,,2
,,KIRSHNA ST,70660402,1 TO 638 B-2,638,,638,,,
276,GOVT ISLAMIA COLLEGE RAILWAY RAD LAHORE (FEMALE),MIKHIRAN ST NO 3,70660401,1 TO 720 B-1,720,,720,,2,2
,,KIRSHNA ST,70660402,1 TO 538 B-2,,538,538,,,
277,GOVT ISLAMIA COLLEGE RAILWAY ROAD LAHORE  (MALE),KRISHNA ST GAWALMANDI,70660403,1 TO 566 B-1,566,,566,3,,3
,,KIKHIRAM,70660404,1 TO 474 B-2,474,,474,,,
,,QADIR BUKSH,70660405,1 TO 441 B-3,441,,441,,,
278,GOVT ISLAMIA COLLEGE RAILWAY ROAD LAHORE  (FEMALE),KRISHNA ST GAWALMANDI,70660403,1 TO 505 B-1,,505,505,,3,3
,,KIKHIRAM,70660404,1 384 B-2,,384,384,,,
,,QADIR BUKSH,70660405,1 TO 328 B-3,,328,328,,,
279,GOVT ISLAMIA COLLEGE RAILWAY ROAD LAHORE,DIEAN ST,70670101,1 TO 405 B-1,405,,405,2,,2
,,PREM ST NO 4,70670102,1 TO 658 B-2,658,,658,,,
280,GOVT ISLAMIA COLLEGE RAILWAY ROAD LAHORE,DEWAN ST,70670101,1 TO 238 B-1,,238,238,,2,2
,,PREM ST NO 4,70670102,1 TO 576 B-2,,576,576,,,
281,GOVT ISLAMIA COLLEGE RAILWAY ROAD LAHORE,REHMAN ST 3 4,70670103,1 TO 453 B-1,453,,453,3,,3
,(MALE),REHMAN ST 6 7,70670104,1 TO 710 B-2,710,,710,,,
,,RAILWAY LINE QUARTER,70670105,1 TO 347 B-3,347,,347,,,
282,GOVT ISLAMIA COLLEGE RAILWAY ROAD LAHORE,REHMAN ST 3 4,70670103,1 TO 324 B-1,,324,324,,3,3
,(FEMALE),REHMAN ST 6 7,70670104,1 475 B-2,,475,475,,,
,,RAILWAY LINE,70670105,1 TO 269 B-3,,269,269,,,
283,GOVT ISLAMIA COLLEGE RAILWAY ROAD LAHORE  (MALE),REHMAN ST NO 2,70670201,1 TO 91 B-1,91,,91,4,,4
,,REHMAN ST NO 1,70670202,1 TO 31 B-1,31,,31,,,
,,REHMAN ST BRANDRATH ROAD,70670203,1 TO 153 B-2,153,,153,,,
,,REHAN GALLIANA,70670205,1 TO 427 B-3,427,,427,,,
,,NAKSHBANDIA,70670204,1 TO 77 B-2,77,,77,,,
284,GOVT ISLAMIA COLLEGE RAILWAY ROAD LAHORE  (FEMALE),REHMAN ST NO 2,70670201,1 TO 70 B-1,,70,70,,4,4
,,REHMAN ST NO 1,70670202,1 TO 37 B-1,,37,37,,,
,,REHMAN ST BRANDRATH ROAD,70670203,1 TO 69 B-2,,69,69,,,
,,REHMAN ST BRAN DRATH ROAD,70670203,1 TO 185 B-2,,185,185,,,
,,REHMAN GALLINA,70670205,1 TO 337 B-3,,337,337,,,
285,GOVT COLLEG OF TECNOLODGY RAILWAY ROAD LAHORE (MALE),AATHA REHMAN,70670301,1 TO 181 B-1,181,,181,4,,4
,,KITWALI LANDA BAZAR,70670302,1 TO 56 B-1,56,,56,,,
,,ANDROON SARAI SULTAN,70670303,1 TO 520 B-2,520,,520,,,
,,BAROON DEHLI GATE,70670304,1 TO 704 B-3,,704,704,,,
,,MOHALLAH KOTWALI,70670305,1 TO 183 B-4,183,,183,,,
286,GOVT COLLEG OF TECNOLODGY RAILWAY ROAD LAHORE (FEMALE),AATHA REHMAN,70670301,1 TO 143 B-1,,143,143,,4,4
,,KITWALI LANDA BAZAR,70670302,1 TO 48 B-1,,48,48,,,
,,ADNROON SARAI SULTAN,70670303,1 TO 369 B-2,,369,369,,,
,,BAROON DEHLI GATE,70670304,1 TO 517 B-3,,517,517,,,
,,MOHALLAH KOTWALI,70670305,1 TO 178 B-4,,178,178,,,
287,GOVT GOLLEGE OF TECHOLODGY RAILWAY ROAD LAHORE,PURANI MAIWA MANDI,70670401,1 TO 184 B-1,184,,184,4,,4
,,KATRI BHAGWAN DAS,70670402,1 TO 457 B-1,457,,457,,,
,,NOLAKHA BAZAR,70670403,1 TO 29 B-2,29,,29,,,
,,MANDAR MOOL CHAN,70670404,1 TO 203 B-2,203,,203,,,
,,AQIB NOLAKHA BAZAR,70670405,1 TO 56 B-2,56,,56,,,
288,GOVT COLLEG OF TECNOLODGY RAILWAY ROAD LAHORE (FEMALE),PURANI MAIWA MANDI,70670401,1 TO 0 B-1,,0,0,,4,4
,,KATRI BHAGWAN DAS,70670402,1 TO 411 B-1,,411,411,,,
,,NOLAKHA BAZAR,70670403,1 TO 25 B-2,,25,25,,,
,,MANDAR MOOL CHAND,70670404,1 TO 153 B-2,,153,153,,,
,,AQIB NOLAKHA BAZAR,70670405,1 TO 44 B-2,,44,44,,,
289,GOVT GIRLS H/S GHALA MANDI LANDA BAZAR LAHORE (MALE),DARA SHKOH,70670406,1 TO 485 B-1,485,,485,2,,2
,,AATAHA BLAQI SHAH,70670407,1 TO 586 B-2,586,,586,,,
290,GOVT GIRLS H/S GHALA MANDI LANDA BAZAR LAHORE,DARA SHKOH,70670406,1 TO 481 B-1,,481,481,,2,2
,(FEMALE),AATAHA BIAQI SHAH,70670407,1 TO 483 B-2,,483,483,,,
291,GOVT MADRASA TUL BINAT GIRLS H/S AUSTRALIA BUILDING MECLOAD ROAD,RAILWAY GEEN SHOP,70670501,1 TO 405 B-1,405,,405,3,,3
,LAHORE (MALE),ASTRALIA BULDING,70670502,1 TO 41 B-2,41,,41,,,
,,STAFF COLONY,70670503,1 TO 123 B-2,123,,123,,,
292,GOVT MADRASA TUL BINAT GIRLS H/S AUSTRALIA BUILDING MECLOAD ROAD,RAILWAY GREEN SHOP,70670501,1 TO 180 B-1,,180,180,,3,3
,LAHORE (FEMALE),ASRTALIA BULDING,70670502,1 TO 26 B-2,,26,26,,,
,,STAFF COLONY,70670503,1 TO 113 B-2,,113,113,,,
293,GOVT MADRASA TUL BINAT GIRLS H/S AUSTRALIA,NAMAK MANDI,70670601,1 TO 263 B-1,263,,263,3,,3
,BUILDING MECLOAD ROAD LAHORE LAHORE (MALE),GRU ARJUN NAGAR,70670602,1 TO 156 B-1,156,,156,,,
,,GRU ARJUN NAGR CIRCULAR ROAD,70670603,1 TO 629 B-2,629,,629,,,
294,GOVT MADRASA TUL BINAT GIRLS H/S AUSTRALIA,NAMAK MANDI,70670601,1 TO 182 B-1,,182,182,,3,3
,BUILDING MECLOAD ROAD LAHORE LAHORE (FEMALE),GRU ARJUN NAGAR,70670602,1 TO 133 B-1,,133,133,,,
,,GRU ARJUN NAGAR CIRCULAR ROAD,70670603,1 TO 488 B-2,,488,488,,,
